account_id,funding_arbitrage_score,organized_trading_score,bonus_abuse_score,quant_anomaly_score,mean_holding_minutes,funding_timing_ratio,concurrent_trading_ratio,ip_shared_ratio,total_reward,sharpe_ratio,win_rate,final_risk_score,final_risk_level,pattern_count
A_d444580218,0.6826133422874617,0.609375,0.555037908497751,0.0,6.954663085015291,0.8727272727272727,0.865909090909091,0.25,336.89586676478524,-1.590580526681652,0.6055045871559633,0.5290728343857887,High,3
A_55021b4ae2,0.3753847920160763,0.5,0.5184210526315789,0.0,27.68242732631579,0.2894736842105263,0.7368421052631579,0.0,534.89877,-0.1465929204903419,0.5263157894736842,0.39129964813113866,Medium,2
A_7e27164ab6,0.2809084844107668,0.2329403606102635,0.5199669323322507,0.73,1301.1904501103204,0.2289644012944983,0.0768608414239482,0.0,177.79001880157895,3.0876396290222283,0.7171903881700554,0.3792950580032724,Medium,2
A_e95b2c5030,0.413088491647619,0.5637329931972789,0.0,0.29,0.4788890552380953,0.2285714285714285,0.3285714285714285,0.1666666666666666,0.0,1.8596610501675648,0.4285714285714285,0.3647330951133333,Medium,2
A_6b3a8b213d,0.5480204283981481,0.488480100980101,0.0,0.12,0.7918286407407407,0.6216216216216216,0.5945945945945946,0.0769230769230769,0.0,1.231837019354607,0.6111111111111112,0.3533741638624798,Medium,2
A_f96ede8d34,0.2913858503012171,0.4325450325080157,0.5587765347394353,0.0,142.9252123066313,0.7630922693266833,0.4788029925187032,0.0625,796.0282943435294,0.2036749850078439,0.4986737400530504,0.3505618234160577,Medium,2
A_7620582c70,0.5097999323935185,0.0026455026455026,0.1799564457613163,0.55,0.0306443265432098,0.419753086419753,0.0061728395061728,0.0,20.0,-50.33512240056536,0.0,0.2723571947962447,Low,2
