account_id,total_funding_fee,mean_funding_fee,std_funding_fee,funding_count,min_funding_fee,max_funding_fee,mean_fee_rate,std_fee_rate
A_7e27164ab6,45324.856859479565,20.33416637930891,45.52523437316002,2229,-80.37508475668393,324.35685812845287,7.81319544762065e-05,6.256378725666625e-05
