account_id,mean_holding_minutes,holding_score,funding_timing_ratio,timing_score,funding_profit_ratio,funding_ratio_score,mean_abs_funding,funding_size_score,funding_arbitrage_score,total_funding,total_pnl,funding_count,risk_level
A_d444580218,6.954663085015291,0.9420444742915393,0.8727272727272727,1.0,0.0,0.0,47.96629570241461,1.0,0.6826133422874617,-5923.192704922875,-5355.090778240059,190.0,High
A_1f97e16953,8.826542724131944,0.9264454772989005,0.39195979899497485,0.7839195979899497,0.1161743464658514,0.16596335209407342,81.79935485961799,1.0,0.6737025483153797,980.2332070486788,7457.37145240005,17.0,High
