account_id,total_reward,reward_count,reward_amount_score,shared_ip,shared_ip_score,has_trades,trade_count,trade_ratio_after_reward,inactive_score,total_volume,reward_to_volume_ratio,rvr_score,bonus_abuse_score,risk_level
A_26ffea8fd9,243.54482001104577,8,1.0,True,1.0,True,1036,0.10424710424710425,0.8957528957528957,48695940.2708033,5.001337250223882e-06,0.005001337250223882,0.8194760693134023,High
A_48fbd03d61,106.0,4,1.0,True,1.0,True,170,0.49411764705882355,0.5058823529411764,6671425.2972984,1.5888658761258228e-05,0.015888658761258227,0.7041480046965417,High
A_4081f88bb0,40.398781979999995,3,0.4039878198,True,1.0,True,1279,0.1266614542611415,0.8733385457388585,38680720.54399296,1.0444164796271833e-06,0.0010444164796271833,0.6631551811436017,High
