,funding_fee_abs,mean_holding_minutes,funding_timing_ratio,funding_profit_ratio,ip_shared_count,mean_leverage,total_reward,shared_ip_bonus
funding_fee_abs,1.0,0.03531538643634609,0.23296903909700628,0.13422774232688459,0.3155303880302009,-0.20087769157765523,0.16413549860675883,0.011100947504374577
mean_holding_minutes,0.03531538643634609,1.0,0.1613784655994328,0.1320294448597509,-0.1445012090476976,-0.29297832760762077,0.21906172846389768,-0.06085886936745411
funding_timing_ratio,0.23296903909700628,0.1613784655994328,1.0,0.209844648909758,0.25224397642908025,-0.10246998443756096,0.39944004236462866,0.30402350050573085
funding_profit_ratio,0.13422774232688459,0.1320294448597509,0.209844648909758,1.0,0.041308954163677886,-0.20802846947266043,0.000736488557735687,0.12514688500359297
ip_shared_count,0.3155303880302009,-0.1445012090476976,0.25224397642908025,0.041308954163677886,1.0,-0.030294978640135868,-0.06328092250222203,0.46609214297117507
mean_leverage,-0.20087769157765523,-0.29297832760762077,-0.10246998443756096,-0.20802846947266043,-0.030294978640135868,1.0,0.025560848308388485,-0.12785087991821278
total_reward,0.16413549860675883,0.21906172846389768,0.39944004236462866,0.000736488557735687,-0.06328092250222203,0.025560848308388485,1.0,0.12237502031464337
shared_ip_bonus,0.011100947504374577,-0.06085886936745411,0.30402350050573085,0.12514688500359297,0.46609214297117507,-0.12785087991821278,0.12237502031464337,1.0
